Workbook
Name Importance: 'Risk inputs'!$C$7:$C$10
Name Status: 'Risk inputs'!$B$7:$B$10

Sheet Audit programme
B1: Archibuild Audit Programme
B2: Activity | C2: Status | E2: Importance | H2: Risk | I2: Freq | J2: Location | N2: Calendar | Z2: Who
G3: Risk | J3: HO | K3: Lakeview Lowands | L3: Airport Avenue | M3: Jumbuck Way | N3: Jan | O3: Feb | P3: Mar | Q3: Apr | R3: May | S3: Jun | T3: Jul | U3: Aug | V3: Sep | W3: Oct | X3: Nov | Y3: Dec
A4: 100 | B4: Management
A5: 101 | B5: Policy | C5: Excellent | D5: =IF(C5="Excellent",1,0)+IF(C5="Good",2,0)+IF(C5="OK",3,0)+IF(C5="Poor",4,0) -> 1 | E5: Very | F5: =IF(E5="Critical",4,0)+IF(E5="Very",3,0)+IF(E5="Somewhat",2,0)+IF(E5="Not very",1,0) -> 3 | G5: =D5*F5 -> 3 | H5: =VLOOKUP(G5,'Risk inputs'!$E$6:$F$21,2) -> Low | I5: =VLOOKUP(G5,'Risk inputs'!$E$6:$G$21,3) -> 12 | Z5: D
A6: 102 | B6: Objectives and Targets | C6: Excellent | D6: =IF(C6="Excellent",1,0)+IF(C6="Good",2,0)+IF(C6="OK",3,0)+IF(C6="Poor",4,0) -> 1 | E6: Critical | F6: =IF(E6="Critical",4,0)+IF(E6="Very",3,0)+IF(E6="Somewhat",2,0)+IF(E6="Not very",1,0) -> 4 | G6: =D6*F6 -> 4 | H6: =VLOOKUP(G6,'Risk inputs'!$E$6:$F$21,2) -> Medium | I6: =VLOOKUP(G6,'Risk inputs'!$E$6:$G$21,3) -> 6 | Z6: D
A7: 103 | B7: Process Map | C7: Excellent | D7: =IF(C7="Excellent",1,0)+IF(C7="Good",2,0)+IF(C7="OK",3,0)+IF(C7="Poor",4,0) -> 1 | E7: Somewhat | F7: =IF(E7="Critical",4,0)+IF(E7="Very",3,0)+IF(E7="Somewhat",2,0)+IF(E7="Not very",1,0) -> 2 | G7: =D7*F7 -> 2 | H7: =VLOOKUP(G7,'Risk inputs'!$E$6:$F$21,2) -> Low | I7: =VLOOKUP(G7,'Risk inputs'!$E$6:$G$21,3) -> 12 | Z7: D
A8: 104 | B8: Organisation Structure | C8: Excellent | D8: =IF(C8="Excellent",1,0)+IF(C8="Good",2,0)+IF(C8="OK",3,0)+IF(C8="Poor",4,0) -> 1 | E8: Very | F8: =IF(E8="Critical",4,0)+IF(E8="Very",3,0)+IF(E8="Somewhat",2,0)+IF(E8="Not very",1,0) -> 3 | G8: =D8*F8 -> 3 | H8: =VLOOKUP(G8,'Risk inputs'!$E$6:$F$21,2) -> Low | I8: =VLOOKUP(G8,'Risk inputs'!$E$6:$G$21,3) -> 12 | Z8: D
A9: 200 | B9: Legal, Hazard and Impact identification and assessment
A10: 201 | B10: Legal and other requirements | C10: OK | D10: =IF(C10="Excellent",1,0)+IF(C10="Good",2,0)+IF(C10="OK",3,0)+IF(C10="Poor",4,0) -> 3 | E10: Critical | F10: =IF(E10="Critical",4,0)+IF(E10="Very",3,0)+IF(E10="Somewhat",2,0)+IF(E10="Not very",1,0) -> 4 | G10: =D10*F10 -> 12 | H10: =VLOOKUP(G10,'Risk inputs'!$E$6:$F$21,2) -> High | I10: =VLOOKUP(G10,'Risk inputs'!$E$6:$G$21,3) -> 3 | Z10: CA
A11: 202 | B11: Hazard identification and control | C11: Good | D11: =IF(C11="Excellent",1,0)+IF(C11="Good",2,0)+IF(C11="OK",3,0)+IF(C11="Poor",4,0) -> 2 | E11: Very | F11: =IF(E11="Critical",4,0)+IF(E11="Very",3,0)+IF(E11="Somewhat",2,0)+IF(E11="Not very",1,0) -> 3 | G11: =D11*F11 -> 6 | H11: =VLOOKUP(G11,'Risk inputs'!$E$6:$F$21,2) -> Medium | I11: =VLOOKUP(G11,'Risk inputs'!$E$6:$G$21,3) -> 6 | Z11: CA
A12: 203 | B12: Environmental aspects and impacts | C12: Excellent | D12: =IF(C12="Excellent",1,0)+IF(C12="Good",2,0)+IF(C12="OK",3,0)+IF(C12="Poor",4,0) -> 1 | E12: Critical | F12: =IF(E12="Critical",4,0)+IF(E12="Very",3,0)+IF(E12="Somewhat",2,0)+IF(E12="Not very",1,0) -> 4 | G12: =D12*F12 -> 4 | H12: =VLOOKUP(G12,'Risk inputs'!$E$6:$F$21,2) -> Medium | I12: =VLOOKUP(G12,'Risk inputs'!$E$6:$G$21,3) -> 6 | Z12: CA
A13: 300 | B13: Resources and communication
A14: 301 | B14: Resources | C14: Poor | D14: =IF(C14="Excellent",1,0)+IF(C14="Good",2,0)+IF(C14="OK",3,0)+IF(C14="Poor",4,0) -> 4 | E14: Critical | F14: =IF(E14="Critical",4,0)+IF(E14="Very",3,0)+IF(E14="Somewhat",2,0)+IF(E14="Not very",1,0) -> 4 | G14: =D14*F14 -> 16 | H14: =VLOOKUP(G14,'Risk inputs'!$E$6:$F$21,2) -> High | I14: =VLOOKUP(G14,'Risk inputs'!$E$6:$G$21,3) -> 3 | Z14: OM
A15: 302 | B15: Internal communication | C15: Good | D15: =IF(C15="Excellent",1,0)+IF(C15="Good",2,0)+IF(C15="OK",3,0)+IF(C15="Poor",4,0) -> 2 | E15: Somewhat | F15: =IF(E15="Critical",4,0)+IF(E15="Very",3,0)+IF(E15="Somewhat",2,0)+IF(E15="Not very",1,0) -> 2 | G15: =D15*F15 -> 4 | H15: =VLOOKUP(G15,'Risk inputs'!$E$6:$F$21,2) -> Medium | I15: =VLOOKUP(G15,'Risk inputs'!$E$6:$G$21,3) -> 6 | Z15: OM
A16: 303 | B16: External communication | C16: Good | D16: =IF(C16="Excellent",1,0)+IF(C16="Good",2,0)+IF(C16="OK",3,0)+IF(C16="Poor",4,0) -> 2 | E16: Very | F16: =IF(E16="Critical",4,0)+IF(E16="Very",3,0)+IF(E16="Somewhat",2,0)+IF(E16="Not very",1,0) -> 3 | G16: =D16*F16 -> 6 | H16: =VLOOKUP(G16,'Risk inputs'!$E$6:$F$21,2) -> Medium | I16: =VLOOKUP(G16,'Risk inputs'!$E$6:$G$21,3) -> 6 | Z16: OM
A17: 400 | B17: Management System Processes
A18: 401 | B18: Document control | C18: OK | D18: =IF(C18="Excellent",1,0)+IF(C18="Good",2,0)+IF(C18="OK",3,0)+IF(C18="Poor",4,0) -> 3 | E18: Critical | F18: =IF(E18="Critical",4,0)+IF(E18="Very",3,0)+IF(E18="Somewhat",2,0)+IF(E18="Not very",1,0) -> 4 | G18: =D18*F18 -> 12 | H18: =VLOOKUP(G18,'Risk inputs'!$E$6:$F$21,2) -> High | I18: =VLOOKUP(G18,'Risk inputs'!$E$6:$G$21,3) -> 3 | Z18: CM
A19: 402 | B19: Control of records | C19: Good | D19: =IF(C19="Excellent",1,0)+IF(C19="Good",2,0)+IF(C19="OK",3,0)+IF(C19="Poor",4,0) -> 2 | E19: Very | F19: =IF(E19="Critical",4,0)+IF(E19="Very",3,0)+IF(E19="Somewhat",2,0)+IF(E19="Not very",1,0) -> 3 | G19: =D19*F19 -> 6 | H19: =VLOOKUP(G19,'Risk inputs'!$E$6:$F$21,2) -> Medium | I19: =VLOOKUP(G19,'Risk inputs'!$E$6:$G$21,3) -> 6 | Z19: CM
A20: 403 | B20: Internal Audit | C20: OK | D20: =IF(C20="Excellent",1,0)+IF(C20="Good",2,0)+IF(C20="OK",3,0)+IF(C20="Poor",4,0) -> 3 | E20: Somewhat | F20: =IF(E20="Critical",4,0)+IF(E20="Very",3,0)+IF(E20="Somewhat",2,0)+IF(E20="Not very",1,0) -> 2 | G20: =D20*F20 -> 6 | H20: =VLOOKUP(G20,'Risk inputs'!$E$6:$F$21,2) -> Medium | I20: =VLOOKUP(G20,'Risk inputs'!$E$6:$G$21,3) -> 6 | Z20: CM
A21: 404 | B21: Control of non-conformances | C21: Good | D21: =IF(C21="Excellent",1,0)+IF(C21="Good",2,0)+IF(C21="OK",3,0)+IF(C21="Poor",4,0) -> 2 | E21: Somewhat | F21: =IF(E21="Critical",4,0)+IF(E21="Very",3,0)+IF(E21="Somewhat",2,0)+IF(E21="Not very",1,0) -> 2 | G21: =D21*F21 -> 4 | H21: =VLOOKUP(G21,'Risk inputs'!$E$6:$F$21,2) -> Medium | I21: =VLOOKUP(G21,'Risk inputs'!$E$6:$G$21,3) -> 6 | Z21: CM
A22: 405 | B22: Review and improvement | C22: Good | D22: =IF(C22="Excellent",1,0)+IF(C22="Good",2,0)+IF(C22="OK",3,0)+IF(C22="Poor",4,0) -> 2 | E22: Not very | F22: =IF(E22="Critical",4,0)+IF(E22="Very",3,0)+IF(E22="Somewhat",2,0)+IF(E22="Not very",1,0) -> 1 | G22: =D22*F22 -> 2 | H22: =VLOOKUP(G22,'Risk inputs'!$E$6:$F$21,2) -> Low | I22: =VLOOKUP(G22,'Risk inputs'!$E$6:$G$21,3) -> 12 | Z22: CM
A23: 500 | B23: Project Management Processes
A24: 501 | B24: Tender review and estimating | C24: Good | D24: =IF(C24="Excellent",1,0)+IF(C24="Good",2,0)+IF(C24="OK",3,0)+IF(C24="Poor",4,0) -> 2 | E24: Critical | F24: =IF(E24="Critical",4,0)+IF(E24="Very",3,0)+IF(E24="Somewhat",2,0)+IF(E24="Not very",1,0) -> 4 | G24: =D24*F24 -> 8 | H24: =VLOOKUP(G24,'Risk inputs'!$E$6:$F$21,2) -> Medium | I24: =VLOOKUP(G24,'Risk inputs'!$E$6:$G$21,3) -> 6 | Z24: CA
A25: 502 | B25: Project resourcing | C25: Good | D25: =IF(C25="Excellent",1,0)+IF(C25="Good",2,0)+IF(C25="OK",3,0)+IF(C25="Poor",4,0) -> 2 | E25: Somewhat | F25: =IF(E25="Critical",4,0)+IF(E25="Very",3,0)+IF(E25="Somewhat",2,0)+IF(E25="Not very",1,0) -> 2 | G25: =D25*F25 -> 4 | H25: =VLOOKUP(G25,'Risk inputs'!$E$6:$F$21,2) -> Medium | I25: =VLOOKUP(G25,'Risk inputs'!$E$6:$G$21,3) -> 6 | Z25: CA
A26: 503 | B26: Executing the project | C26: Good | D26: =IF(C26="Excellent",1,0)+IF(C26="Good",2,0)+IF(C26="OK",3,0)+IF(C26="Poor",4,0) -> 2 | E26: Critical | F26: =IF(E26="Critical",4,0)+IF(E26="Very",3,0)+IF(E26="Somewhat",2,0)+IF(E26="Not very",1,0) -> 4 | G26: =D26*F26 -> 8 | H26: =VLOOKUP(G26,'Risk inputs'!$E$6:$F$21,2) -> Medium | I26: =VLOOKUP(G26,'Risk inputs'!$E$6:$G$21,3) -> 6 | Z26: CA
A27: 504 | B27: Handover | C27: OK | D27: =IF(C27="Excellent",1,0)+IF(C27="Good",2,0)+IF(C27="OK",3,0)+IF(C27="Poor",4,0) -> 3 | E27: Critical | F27: =IF(E27="Critical",4,0)+IF(E27="Very",3,0)+IF(E27="Somewhat",2,0)+IF(E27="Not very",1,0) -> 4 | G27: =D27*F27 -> 12 | H27: =VLOOKUP(G27,'Risk inputs'!$E$6:$F$21,2) -> High | I27: =VLOOKUP(G27,'Risk inputs'!$E$6:$G$21,3) -> 3 | Z27: CA
A28: 505 | B28: Project review | C28: OK | D28: =IF(C28="Excellent",1,0)+IF(C28="Good",2,0)+IF(C28="OK",3,0)+IF(C28="Poor",4,0) -> 3 | E28: Not very | F28: =IF(E28="Critical",4,0)+IF(E28="Very",3,0)+IF(E28="Somewhat",2,0)+IF(E28="Not very",1,0) -> 1 | G28: =D28*F28 -> 3 | H28: =VLOOKUP(G28,'Risk inputs'!$E$6:$F$21,2) -> Low | I28: =VLOOKUP(G28,'Risk inputs'!$E$6:$G$21,3) -> 12 | Z28: CA

Sheet Risk inputs
E5: Risk | F5: Risk | G5: Freq.
B6: Status | C6: Importance | E6: 1 | F6: Low | G6: 12 | K6: Importance
B7: Excellent | C7: Critical | E7: 2 | F7: Low | G7: 12 | K7: critical | L7: High | M7: moderate | N7: low
B8: Good | C8: Very | E8: 3 | F8: Low | G8: 12 | I8: Status | K8: 4 | L8: 3 | M8: 2 | N8: 1
B9: OK | C9: Somewhat | E9: 4 | F9: Medium | G9: 6 | I9: Excellent | J9: 1 | K9: =K$8*$J9 -> 4 | L9: =L$8*$J9 -> 3 | M9: =M$8*$J9 -> 2 | N9: =N$8*$J9 -> 1
B10: Poor | C10: Not very | E10: 5 | F10: Medium | G10: 6 | I10: Good | J10: 2 | K10: =K$8*$J10 -> 8 | L10: =L$8*$J10 -> 6 | M10: =M$8*$J10 -> 4 | N10: =N$8*$J10 -> 2
E11: 6 | F11: Medium | G11: 6 | I11: OK | J11: 3 | K11: =K$8*$J11 -> 12 | L11: =L$8*$J11 -> 9 | M11: =M$8*$J11 -> 6 | N11: =N$8*$J11 -> 3
E12: 7 | F12: Medium | G12: 6 | I12: poor | J12: 4 | K12: =K$8*$J12 -> 16 | L12: =L$8*$J12 -> 12 | M12: =M$8*$J12 -> 8 | N12: =N$8*$J12 -> 4
E13: 8 | F13: Medium | G13: 6
E14: 9 | F14: Medium | G14: 6
E15: 10 | F15: Medium | G15: 6
E16: 11 | F16: Medium | G16: 6
E17: 12 | F17: High | G17: 3
E18: 13 | F18: High | G18: 3
E19: 14 | F19: High | G19: 3
E20: 15 | F20: High | G20: 3
E21: 16 | F21: High | G21: 3
