Workbook
Name Importance: Inputs!$B$3:$B$6
Name Status: Inputs!$A$3:$A$6

Sheet Instructions
A1: Instructions
A3: 1. Start by mapping out your organisational processes - understand what your business does at a high level, and then the individual steps taken to realise this.
A4: 2. Document these process steps on "Activity" column of the Compliane programme. Add or delete rows as necessary. These process steps should be grouped into core business processes or business units, with the business unit or core business process entered in the grey row.
A5: 3. Assess each activity or process for it's status and importance. Status may be determined by prior performance or compliance history. Importance should be considered by assessing the criticality of the activity to the business.
A6: 4. Once status and importance are determined, the risk rating and review frequency will be automatically calculated. You may need to update the risk assessment table on the "Inputs" tab to reflect your organisation's own risk matrix.
A7: 5. Determine the most apppropriate compliance monitoring method. If you require the methods to be changed, update these in the "Inputs" tab.
A8: 6. Identify which locations within the business each activity occurs at. If all activities occur within a single location, you may wish to delete the location columns or change them to reflect individual business units.
A9: 7. Allocate responsibilities for each compliance monitoring activity. Update names and abbreviations on the "Inputs" tab.
A10: 8. Enter any single letter or numerical value in the appropriate cell of the "Calendar" to indicate that the compliance monitoring activity will occur in that week. The conditional formatting will automatically change the cell to be coloured.

Sheet Compliance programme
A1: Monitoring and compliance program
A2: Activity | B2: Status | C2: Importance | D2: Score | E2: Risk | F2: Freq | G2: Method | H2: Location | N2: Responsibility | O2: Calendar
O3: January | T3: February | X3: March | AB3: April | AG3: May | AK3: June | AO3: July | AT3: August | AX3: September | BC3: October | BG3: November | BK3: December
O4: 45292 | P4: =O4+7 -> 45299 | Q4: =P4+7 -> 45306 | R4: =Q4+7 -> 45313 | S4: =R4+7 -> 45320 | T4: =S4+7 -> 45327 | U4: =T4+7 -> 45334 | V4: =U4+7 -> 45341 | W4: =V4+7 -> 45348 | ... BO4: =BN4+7 -> 45656
B6: Excellent | C6: Critical | D6: =VLOOKUP(B6,Inputs!$I$6:$N$10,MATCH(C6,Inputs!$I$5:$N$5,0),0) -> 15 | E6: =VLOOKUP(D6,Inputs!$A$10:$B$34,2) -> Medium | F6: =VLOOKUP(D6,Inputs!$A$10:$C$34,3) -> Biannual
B7: Excellent | C7: Critical | D7: =VLOOKUP(B7,Inputs!$I$6:$N$10,MATCH(C7,Inputs!$I$5:$N$5,0),0) -> 15 | E7: =VLOOKUP(D7,Inputs!$A$10:$B$34,2) -> Medium | F7: =VLOOKUP(D7,Inputs!$A$10:$C$34,3) -> Biannual
B8: Excellent | C8: Critical | D8: =VLOOKUP(B8,Inputs!$I$6:$N$10,MATCH(C8,Inputs!$I$5:$N$5,0),0) -> 15 | E8: =VLOOKUP(D8,Inputs!$A$10:$B$34,2) -> Medium | F8: =VLOOKUP(D8,Inputs!$A$10:$C$34,3) -> Biannual
B9: Excellent | C9: Critical | D9: =VLOOKUP(B9,Inputs!$I$6:$N$10,MATCH(C9,Inputs!$I$5:$N$5,0),0) -> 15 | E9: =VLOOKUP(D9,Inputs!$A$10:$B$34,2) -> Medium | F9: =VLOOKUP(D9,Inputs!$A$10:$C$34,3) -> Biannual
B10: Excellent | C10: Critical | D10: =VLOOKUP(B10,Inputs!$I$6:$N$10,MATCH(C10,Inputs!$I$5:$N$5,0),0) -> 15 | E10: =VLOOKUP(D10,Inputs!$A$10:$B$34,2) -> Medium | F10: =VLOOKUP(D10,Inputs!$A$10:$C$34,3) -> Biannual
B12: Excellent | C12: Critical | D12: =VLOOKUP(B12,Inputs!$I$6:$N$10,MATCH(C12,Inputs!$I$5:$N$5,0),0) -> 15 | E12: =VLOOKUP(D12,Inputs!$A$10:$B$34,2) -> Medium | F12: =VLOOKUP(D12,Inputs!$A$10:$C$34,3) -> Biannual
B13: Excellent | C13: Critical | D13: =VLOOKUP(B13,Inputs!$I$6:$N$10,MATCH(C13,Inputs!$I$5:$N$5,0),0) -> 15 | E13: =VLOOKUP(D13,Inputs!$A$10:$B$34,2) -> Medium | F13: =VLOOKUP(D13,Inputs!$A$10:$C$34,3) -> Biannual
B14: Excellent | C14: Critical | D14: =VLOOKUP(B14,Inputs!$I$6:$N$10,MATCH(C14,Inputs!$I$5:$N$5,0),0) -> 15 | E14: =VLOOKUP(D14,Inputs!$A$10:$B$34,2) -> Medium | F14: =VLOOKUP(D14,Inputs!$A$10:$C$34,3) -> Biannual
B15: Excellent | C15: Critical | D15: =VLOOKUP(B15,Inputs!$I$6:$N$10,MATCH(C15,Inputs!$I$5:$N$5,0),0) -> 15 | E15: =VLOOKUP(D15,Inputs!$A$10:$B$34,2) -> Medium | F15: =VLOOKUP(D15,Inputs!$A$10:$C$34,3) -> Biannual
B16: Excellent | C16: Critical | D16: =VLOOKUP(B16,Inputs!$I$6:$N$10,MATCH(C16,Inputs!$I$5:$N$5,0),0) -> 15 | E16: =VLOOKUP(D16,Inputs!$A$10:$B$34,2) -> Medium | F16: =VLOOKUP(D16,Inputs!$A$10:$C$34,3) -> Biannual
D17: =VLOOKUP(B17,Inputs!$I$6:$N$10,MATCH(C17,Inputs!$I$5:$N$5,0),0) -> #N/A
B18: Excellent | C18: Critical | D18: =VLOOKUP(B18,Inputs!$I$6:$N$10,MATCH(C18,Inputs!$I$5:$N$5,0),0) -> 15 | E18: =VLOOKUP(D18,Inputs!$A$10:$B$34,2) -> Medium | F18: =VLOOKUP(D18,Inputs!$A$10:$C$34,3) -> Biannual
B19: Excellent | C19: Critical | D19: =VLOOKUP(B19,Inputs!$I$6:$N$10,MATCH(C19,Inputs!$I$5:$N$5,0),0) -> 15 | E19: =VLOOKUP(D19,Inputs!$A$10:$B$34,2) -> Medium | F19: =VLOOKUP(D19,Inputs!$A$10:$C$34,3) -> Biannual
B20: Excellent | C20: Critical | D20: =VLOOKUP(B20,Inputs!$I$6:$N$10,MATCH(C20,Inputs!$I$5:$N$5,0),0) -> 15 | E20: =VLOOKUP(D20,Inputs!$A$10:$B$34,2) -> Medium | F20: =VLOOKUP(D20,Inputs!$A$10:$C$34,3) -> Biannual
B21: Excellent | C21: Critical | D21: =VLOOKUP(B21,Inputs!$I$6:$N$10,MATCH(C21,Inputs!$I$5:$N$5,0),0) -> 15 | E21: =VLOOKUP(D21,Inputs!$A$10:$B$34,2) -> Medium | F21: =VLOOKUP(D21,Inputs!$A$10:$C$34,3) -> Biannual
B22: Excellent | C22: Critical | D22: =VLOOKUP(B22,Inputs!$I$6:$N$10,MATCH(C22,Inputs!$I$5:$N$5,0),0) -> 15 | E22: =VLOOKUP(D22,Inputs!$A$10:$B$34,2) -> Medium | F22: =VLOOKUP(D22,Inputs!$A$10:$C$34,3) -> Biannual
B24: Excellent | C24: Critical | D24: =VLOOKUP(B24,Inputs!$I$6:$N$10,MATCH(C24,Inputs!$I$5:$N$5,0),0) -> 15 | E24: =VLOOKUP(D24,Inputs!$A$10:$B$34,2) -> Medium | F24: =VLOOKUP(D24,Inputs!$A$10:$C$34,3) -> Biannual
B25: Excellent | C25: Critical | D25: =VLOOKUP(B25,Inputs!$I$6:$N$10,MATCH(C25,Inputs!$I$5:$N$5,0),0) -> 15 | E25: =VLOOKUP(D25,Inputs!$A$10:$B$34,2) -> Medium | F25: =VLOOKUP(D25,Inputs!$A$10:$C$34,3) -> Biannual
B26: Excellent | C26: Critical | D26: =VLOOKUP(B26,Inputs!$I$6:$N$10,MATCH(C26,Inputs!$I$5:$N$5,0),0) -> 15 | E26: =VLOOKUP(D26,Inputs!$A$10:$B$34,2) -> Medium | F26: =VLOOKUP(D26,Inputs!$A$10:$C$34,3) -> Biannual
B27: Excellent | C27: Critical | D27: =VLOOKUP(B27,Inputs!$I$6:$N$10,MATCH(C27,Inputs!$I$5:$N$5,0),0) -> 15 | E27: =VLOOKUP(D27,Inputs!$A$10:$B$34,2) -> Medium | F27: =VLOOKUP(D27,Inputs!$A$10:$C$34,3) -> Biannual
B28: Excellent | C28: Critical | D28: =VLOOKUP(B28,Inputs!$I$6:$N$10,MATCH(C28,Inputs!$I$5:$N$5,0),0) -> 15 | E28: =VLOOKUP(D28,Inputs!$A$10:$B$34,2) -> Medium | F28: =VLOOKUP(D28,Inputs!$A$10:$C$34,3) -> Biannual
B30: Excellent | C30: Critical | D30: =VLOOKUP(B30,Inputs!$I$6:$N$10,MATCH(C30,Inputs!$I$5:$N$5,0),0) -> 15 | E30: =VLOOKUP(D30,Inputs!$A$10:$B$34,2) -> Medium | F30: =VLOOKUP(D30,Inputs!$A$10:$C$34,3) -> Biannual
B31: Excellent | C31: Critical | D31: =VLOOKUP(B31,Inputs!$I$6:$N$10,MATCH(C31,Inputs!$I$5:$N$5,0),0) -> 15 | E31: =VLOOKUP(D31,Inputs!$A$10:$B$34,2) -> Medium | F31: =VLOOKUP(D31,Inputs!$A$10:$C$34,3) -> Biannual
... B40: Excellent | C40: Critical | D40: =VLOOKUP(B40,Inputs!$I$6:$N$10,MATCH(C40,Inputs!$I$5:$N$5,0),0) -> 15 | E40: =VLOOKUP(D40,Inputs!$A$10:$B$34,2) -> Medium | F40: =VLOOKUP(D40,Inputs!$A$10:$C$34,3) -> Biannual

Sheet Inputs
A2: Status | B2: Importance
A3: Excellent | B3: Critical
A4: Good | B4: Major | J4: Importance
A5: Reasonable | B5: Moderate | I5: Status | J5: =B7 -> Insignificant | K5: =B6 -> Minor | L5: =B5 -> Moderate | M5: =B4 -> Major | N5: =B3 -> Critical
A6: Poor | B6: Minor | I6: =A7 -> Nonexistant | J6: 11 | K6: 16 | L6: 20 | M6: 23 | N6: 25
A7: Nonexistant | B7: Insignificant | I7: =A6 -> Poor | J7: 7 | K7: 12 | L7: 17 | M7: 21 | N7: 24
I8: =A5 -> Reasonable | J8: 4 | K8: 8 | L8: 13 | M8: 18 | N8: 22
A9: Risk | B9: Risk | E9: Personnel | F9: Abbr | I9: =A4 -> Good | J9: 2 | K9: 5 | L9: 9 | M9: 14 | N9: 19
A10: 1 | B10: Low | C10: =B37 -> Annual | E10: Firstname Surname | F10: XX | I10: =A3 -> Excellent | J10: 1 | K10: 3 | L10: 6 | M10: 10 | N10: 15
A11: 2 | B11: Low | C11: =B37 -> Annual | E11: Firstname Surname | F11: XX
A12: 3 | B12: Low | C12: =B37 -> Annual | E12: Firstname Surname | F12: XX
A13: 4 | B13: Low | C13: =B37 -> Annual | E13: Firstname Surname | F13: XX
A14: 5 | B14: Low | C14: =B37 -> Annual | E14: Firstname Surname | F14: XX
A15: 6 | B15: Low | C15: =B37 -> Annual | E15: Firstname Surname | F15: XX
A16: 7 | B16: Low | C16: =B37 -> Annual | E16: Firstname Surname | F16: XX
A17: 8 | B17: Medium | C17: =B38 -> Biannual
A18: 9 | B18: Medium | C18: =B38 -> Biannual | E18: Method
A19: 10 | B19: Medium | C19: =B38 -> Biannual | E19: Data analysis
A20: 11 | B20: Medium | C20: =B38 -> Biannual | E20: Document review
A21: 12 | B21: Medium | C21: =B38 -> Biannual | E21: External audit
A22: 13 | B22: Medium | C22: =B38 -> Biannual | E22: Inspection
A23: 14 | B23: Medium | C23: =B38 -> Biannual | E23: Internal audit
A24: 15 | B24: Medium | C24: =B38 -> Biannual | E24: Self assessment
A25: 16 | B25: Medium | C25: =B38 -> Biannual | E25: Systems review
A26: 17 | B26: High | C26: =B39 -> Quarterly | E26: Visual
A27: 18 | B27: High | C27: =B39 -> Quarterly
A28: 19 | B28: High | C28: =B39 -> Quarterly
A29: 20 | B29: High | C29: =B39 -> Quarterly
A30: 21 | B30: High | C30: =B39 -> Quarterly
A31: 22 | B31: High | C31: =B39 -> Quarterly
A32: 23 | B32: Extreme | C32: =B40 -> Monthly
A33: 24 | B33: Extreme | C33: =B40 -> Monthly
A34: 25 | B34: Extreme | C34: =B40 -> Monthly
A36: Risk | B36: Frequency
A37: Low | B37: Annual
A38: Medium | B38: Biannual
A39: High | B39: Quarterly
A40: Extreme | B40: Monthly
